{
    "name": "root",
    "gauges": {
        "Skeet.Policy.Entropy.mean": {
            "value": 1.7891329526901245,
            "min": 1.7891329526901245,
            "max": 2.0451629161834717,
            "count": 4
        },
        "Skeet.Policy.Entropy.sum": {
            "value": 3478.074462890625,
            "min": 3478.074462890625,
            "max": 4141.455078125,
            "count": 4
        },
        "Skeet.Step.mean": {
            "value": 7998.0,
            "min": 1998.0,
            "max": 7998.0,
            "count": 4
        },
        "Skeet.Step.sum": {
            "value": 7998.0,
            "min": 1998.0,
            "max": 7998.0,
            "count": 4
        },
        "Skeet.Policy.ExtrinsicValueEstimate.mean": {
            "value": 0.003428092459216714,
            "min": -0.3656272888183594,
            "max": 0.09881431609392166,
            "count": 4
        },
        "Skeet.Policy.ExtrinsicValueEstimate.sum": {
            "value": 2.2865376472473145,
            "min": -243.87339782714844,
            "max": 65.81033325195312,
            "count": 4
        },
        "Skeet.Losses.PolicyLoss.mean": {
            "value": 0.12944544121012014,
            "min": 0.12909377676314088,
            "max": 0.14253467792107985,
            "count": 4
        },
        "Skeet.Losses.PolicyLoss.sum": {
            "value": 0.906118088470841,
            "min": 0.7745626605788453,
            "max": 1.0380241382711877,
            "count": 4
        },
        "Skeet.Losses.ValueLoss.mean": {
            "value": 0.0008207854077026332,
            "min": 0.0008207854077026332,
            "max": 0.06957498436649649,
            "count": 4
        },
        "Skeet.Losses.ValueLoss.sum": {
            "value": 0.005745497853918433,
            "min": 0.005745497853918433,
            "max": 0.5565998749319719,
            "count": 4
        },
        "Skeet.Policy.LearningRate.mean": {
            "value": 0.0002999999978712435,
            "min": 0.0002999999978712435,
            "max": 0.0002999999996994001,
            "count": 4
        },
        "Skeet.Policy.LearningRate.sum": {
            "value": 0.0020999999850987044,
            "min": 0.0017999999981964006,
            "max": 0.002399999992832402,
            "count": 4
        },
        "Skeet.Policy.Epsilon.mean": {
            "value": 0.1999999992904143,
            "min": 0.1999999992904143,
            "max": 0.19999999989980002,
            "count": 4
        },
        "Skeet.Policy.Epsilon.sum": {
            "value": 1.3999999950329,
            "min": 1.1999999993988002,
            "max": 1.5999999976108,
            "count": 4
        },
        "Skeet.Policy.Beta.mean": {
            "value": 0.004999999964591673,
            "min": 0.004999999964591673,
            "max": 0.0049999999950000205,
            "count": 4
        },
        "Skeet.Policy.Beta.sum": {
            "value": 0.03499999975214171,
            "min": 0.02999999997000012,
            "max": 0.039999999880778916,
            "count": 4
        },
        "Skeet.IsTraining.mean": {
            "value": 1.0,
            "min": 1.0,
            "max": 1.0,
            "count": 4
        },
        "Skeet.IsTraining.sum": {
            "value": 1.0,
            "min": 1.0,
            "max": 1.0,
            "count": 4
        }
    },
    "metadata": {
        "timer_format_version": "0.1.0",
        "start_time_seconds": "1641554036",
        "python_version": "3.9.7 (default, Sep 16 2021, 16:59:28) [MSC v.1916 64 bit (AMD64)]",
        "command_line_arguments": "C:\\Users\\Unity\\anaconda3\\envs\\mlagents\\Scripts\\mlagents-learn Skeet.yaml --run-id=beau01",
        "mlagents_version": "0.27.0",
        "mlagents_envs_version": "0.27.0",
        "communication_protocol_version": "1.5.0",
        "pytorch_version": "1.10.0",
        "numpy_version": "1.21.2",
        "end_time_seconds": "1641554090"
    },
    "total": 54.3787035,
    "count": 1,
    "self": 0.005341999999998848,
    "children": {
        "run_training.setup": {
            "total": 0.10148920000000006,
            "count": 1,
            "self": 0.10148920000000006
        },
        "TrainerController.start_learning": {
            "total": 54.2718723,
            "count": 1,
            "self": 0.020726800000034018,
            "children": {
                "TrainerController._reset_env": {
                    "total": 8.918771699999999,
                    "count": 1,
                    "self": 8.918771699999999
                },
                "TrainerController.advance": {
                    "total": 45.13744619999996,
                    "count": 341,
                    "self": 0.00445969999993423,
                    "children": {
                        "env_step": {
                            "total": 45.13298650000002,
                            "count": 341,
                            "self": 41.62577270000016,
                            "children": {
                                "SubprocessEnvManager._take_step": {
                                    "total": 3.5033826999999285,
                                    "count": 341,
                                    "self": 0.025257199999941804,
                                    "children": {
                                        "TorchPolicy.evaluate": {
                                            "total": 3.4781254999999867,
                                            "count": 341,
                                            "self": 0.9730672000000204,
                                            "children": {
                                                "TorchPolicy.sample_actions": {
                                                    "total": 2.505058299999966,
                                                    "count": 341,
                                                    "self": 2.505058299999966
                                                }
                                            }
                                        }
                                    }
                                },
                                "workers": {
                                    "total": 0.003831099999933585,
                                    "count": 340,
                                    "self": 0.0,
                                    "children": {
                                        "worker_root": {
                                            "total": 46.5423391,
                                            "count": 340,
                                            "is_parallel": true,
                                            "self": 20.283287100000024,
                                            "children": {
                                                "steps_from_proto": {
                                                    "total": 0.0037929999999999353,
                                                    "count": 1,
                                                    "is_parallel": true,
                                                    "self": 0.00037299999999973465,
                                                    "children": {
                                                        "_process_rank_one_or_two_observation": {
                                                            "total": 0.0034200000000002007,
                                                            "count": 26,
                                                            "is_parallel": true,
                                                            "self": 0.0034200000000002007
                                                        }
                                                    }
                                                },
                                                "UnityEnvironment.step": {
                                                    "total": 26.255258999999974,