{"count":1,"self":227.93400319999998,"total":231.11215489999998,"children":{"InitializeActuators":{"count":1,"self":0.0010211999999999999,"total":0.0010211999999999999,"children":null},"InitializeSensors":{"count":1,"self":0.0030716,"total":0.0030716,"children":null},"AgentSendState":{"count":3372,"self":0.0306461,"total":0.0552538,"children":{"CollectObservations":{"count":675,"self":0.0005645,"total":0.0005645,"children":null},"WriteActionMask":{"count":675,"self":0.0010241999999999999,"total":0.0010241999999999999,"children":null},"RequestDecision":{"count":675,"self":0.023018999999999998,"total":0.023018999999999998,"children":null}}},"DecideAction":{"count":3372,"self":1.5760678,"total":3.0784917,"children":{"CameraSensor.WriteToTensor":{"count":675,"self":1.3470035999999999,"total":1.3470035999999999,"children":null},"RayPerceptionSensor.Perceive":{"count":2025,"self":0.15542029999999998,"total":0.15542029999999998,"children":null}}},"AgentAct":{"count":3372,"self":0.039820299999999996,"total":0.039820299999999996,"children":null}},"gauges":{},"metadata":{"timer_format_version":"0.1.0","start_time_seconds":"1641937375","unity_version":"2020.3.24f1","command_line_arguments":"C:\\Program Files\\Unity\\Hub\\Editor\\2020.3.24f1\\Editor\\Unity.exe -projectpath C:\\Users\\jonas\\Documents\\GitHub\\groepswerk-OnePunchMan -nolog -useHub -hubIPC -cloudEnvironment production -licensingIpc LicenseClient-jonas -hubSessionId 7f92fe50-7315-11ec-8263-39315a45fb2f -accessToken fEMuPS9ljX8oxxgT337-QV99bIaqNdQMVDc3TyZIJVc001f","communication_protocol_version":"1.5.0","com.unity.ml-agents_version":"2.0.1","scene_name":"Night","end_time_seconds":"1641937606"}}