{"count":1,"self":139.68063999999998,"total":680.914036,"children":{"InitializeActuators":{"count":256,"self":0.0039470999999999994,"total":0.0039470999999999994,"children":null},"InitializeSensors":{"count":256,"self":0.0338916,"total":0.0338916,"children":null},"AgentSendState":{"count":1751,"self":62.143763199999995,"total":91.662400699999992,"children":{"CollectObservations":{"count":89856,"self":0.11323609999999999,"total":0.11323609999999999,"children":null},"WriteActionMask":{"count":89856,"self":0.11287219999999999,"total":0.11287219999999999,"children":null},"RequestDecision":{"count":89856,"self":0.4284425,"total":29.292531699999998,"children":{"AgentInfo.ToProto":{"count":89856,"self":0.37917399999999996,"total":28.8640892,"children":{"GenerateSensorData":{"count":89856,"self":25.7340256,"total":28.4849152,"children":{"RayPerceptionSensor.Perceive":{"count":1078272,"self":2.7508896,"total":2.7508896999999997,"children":null}}}}}}}}},"DecideAction":{"count":1751,"self":238.27712,"total":238.2771297,"children":null},"AgentAct":{"count":1751,"self":211.25503999999998,"total":211.2550351,"children":null}},"gauges":{},"metadata":{"timer_format_version":"0.1.0","start_time_seconds":"1641636643","unity_version":"2020.3.24f1","command_line_arguments":"C:\\Program Files\\Unity\\Hub\\Editor\\2020.3.24f1\\Editor\\Unity.exe -projectpath C:\\Users\\jonas\\Documents\\GitHub\\groepswerk-OnePunchMan -useHub -hubIPC -cloudEnvironment production -licensingIpc LicenseClient-jonas -hubSessionId 1f8ef480-705b-11ec-9244-fb2eb96765fd -accessToken wmU2D4vNUWAmu80APc_AMztCkIsp__aOJbb8ZNJRsmA001f","communication_protocol_version":"1.5.0","com.unity.ml-agents_version":"2.0.1","scene_name":"VR_TestScene","end_time_seconds":"1641637324"}}