{"count":1,"self":41.4509952,"total":44.0756819,"children":{"InitializeActuators":{"count":1,"self":0.0019928999999999997,"total":0.0019928999999999997,"children":null},"InitializeSensors":{"count":1,"self":0.0049854999999999995,"total":0.0049854999999999995,"children":null},"AgentSendState":{"count":1824,"self":0.600194,"total":0.9317593999999999,"children":{"CollectObservations":{"count":365,"self":0.0029914,"total":0.0029914,"children":null},"WriteActionMask":{"count":365,"self":0.0029903,"total":0.0029903,"children":null},"RequestDecision":{"count":365,"self":0.30558029999999997,"total":0.3255837,"children":{"RayPerceptionSensor.Perceive":{"count":4380,"self":0.020003399999999998,"total":0.020003399999999998,"children":null}}}}},"DecideAction":{"count":1824,"self":0.21548289999999998,"total":0.21548289999999998,"children":null},"AgentAct":{"count":1824,"self":1.4684709999999999,"total":1.4684709999999999,"children":null}},"gauges":{},"metadata":{"timer_format_version":"0.1.0","start_time_seconds":"1641854111","unity_version":"2020.3.24f1","command_line_arguments":"C:\\Program Files\\Unity\\Hub\\Editor\\2020.3.24f1\\Editor\\Unity.exe -projectpath D:\/AP\/Jaar4\/VR Experience\/Examenopdracht\/groepswerk-Jonas-Adriaenssens -useHub -hubIPC -cloudEnvironment production -hubSessionId b3109400-6fb3-11ec-9293-cd8efb552941 -accessToken osv3SwGw7uuCJEcOW9CQmHLmMGUiLWfO9AXfe5n2W5I012f","communication_protocol_version":"1.5.0","com.unity.ml-agents_version":"2.0.1","scene_name":"VR_TestScene","end_time_seconds":"1641854155"}}
