{
    "name": "root",
    "metadata": {
        "timer_format_version": "0.1.0",
        "start_time_seconds": "1641590540",
        "python_version": "3.9.7 (default, Sep 16 2021, 16:59:28) [MSC v.1916 64 bit (AMD64)]",
        "command_line_arguments": "C:\\Users\\jonas\\anaconda3\\envs\\Unity_ML\\Scripts\\mlagents-learn Skeet.yaml --run-id test7 --resume",
        "mlagents_version": "0.27.0",
        "mlagents_envs_version": "0.27.0",
        "communication_protocol_version": "1.5.0",
        "pytorch_version": "1.10.0",
        "numpy_version": "1.21.2",
        "end_time_seconds": "1641601381"
    },
    "total": 10841.753224,
    "count": 1,
    "self": 0.010710300000937423,
    "children": {
        "run_training.setup": {
            "total": 0.13918490000000006,
            "count": 1,
            "self": 0.13918490000000006
        },
        "TrainerController.start_learning": {
            "total": 10841.6033288,
            "count": 1,
            "self": 0.3682417999571044,
            "children": {
                "TrainerController._reset_env": {
                    "total": 19.078899099999997,
                    "count": 1,
                    "self": 19.078899099999997
                },
                "TrainerController.advance": {
                    "total": 10821.934762900042,
                    "count": 15201,
                    "self": 0.1927707000540977,
                    "children": {
                        "env_step": {
                            "total": 10821.741992199988,
                            "count": 15201,
                            "self": 10736.000386400005,
                            "children": {
                                "SubprocessEnvManager._take_step": {
                                    "total": 85.57391140006736,
                                    "count": 15201,
                                    "self": 1.6356420000675058,
                                    "children": {
                                        "TorchPolicy.evaluate": {
                                            "total": 83.93826939999985,
                                            "count": 15201,
                                            "self": 30.701759900008483,
                                            "children": {
                                                "TorchPolicy.sample_actions": {
                                                    "total": 53.23650949999137,
                                                    "count": 15201,
                                                    "self": 53.23650949999137
                                                }
                                            }
                                        }
                                    }
                                },
                                "workers": {
                                    "total": 0.16769439991551494,
                                    "count": 15200,
                                    "self": 0.0,
                                    "children": {
                                        "worker_root": {
                                            "total": 10764.19710759994,
                                            "count": 15200,
                                            "is_parallel": true,
                                            "self": 3299.9283367999105,
                                            "children": {
                                                "steps_from_proto": {
                                                    "total": 0.013097999999999388,
                                                    "count": 1,
                                                    "is_parallel": true,
                                                    "self": 0.0005532000000059156,
                                                    "children": {
                                                        "_process_rank_one_or_two_observation": {
                                                            "total": 0.012544799999993472,
                                                            "count": 26,
                                                            "is_parallel": true,
                                                            "self": 0.012544799999993472
                                                        }
                                                    }
                                                },
                                                "UnityEnvironment.step": {
                                                    "total": 7464.25567280003,
                                                    "count": 15200,
                                                    "is_parallel": true,
                                                    "self": 79.11222759987413,
                                                    "children": {
                                                        "UnityEnvironment._generate_step_input": {
                                                            "total": 19.210941300049956,
                                                            "count": 15200,
                                                            "is_parallel": true,
                                                            "self": 19.210941300049956
                                                        },
                                                        "communicator.exchange": {
                                                            "total": 7179.085436700055,
                                                            "count": 15200,
                                                            "is_parallel": true,
                                                            "self": 7179.085436700055
                                                        },
                                                        "steps_from_proto": {
                                                            "total": 186.84706720005116,
                                                            "count": 15200,
                                                            "is_parallel": true,
                                                            "self": 7.506061199829759,
                                                            "children": {
                                                                "_process_rank_one_or_two_observation": {
                                                                    "total": 179.3410060002214,
                                                                    "count": 395200,
                                                                    "is_parallel": true,
                                                                    "self": 179.3410060002214
                                                                }
                                                            }
                                                        }
                                                    }
                                                }
                                            }
                                        }
                                    }
                                }
                            }
                        }
                    }
                },
                "TrainerController._save_models": {
                    "total": 0.22142499999972642,
                    "count": 1,
                    "self": 0.011553800000910996,
                    "children": {
                        "RLTrainer._checkpoint": {
                            "total": 0.20987119999881543,
                            "count": 1,
                            "self": 0.20987119999881543
                        }
                    }
                }
            }
        }
    }
}