{
    "name": "root",
    "gauges": {
        "Skeet.Policy.Entropy.mean": {
            "value": 1.1434332132339478,
            "min": 0.7899609804153442,
            "max": 1.2592045068740845,
            "count": 62
        },
        "Skeet.Policy.Entropy.sum": {
            "value": 2195.391845703125,
            "min": 1516.72509765625,
            "max": 2498.26171875,
            "count": 62
        },
        "Skeet.Step.mean": {
            "value": 587997.0,
            "min": 465998.0,
            "max": 587997.0,
            "count": 62
        },
        "Skeet.Step.sum": {
            "value": 587997.0,
            "min": 465998.0,
            "max": 587997.0,
            "count": 62
        },
        "Skeet.Policy.ExtrinsicValueEstimate.mean": {
            "value": 2.0802299976348877,
            "min": 1.8204734325408936,
            "max": 2.9682974815368652,
            "count": 62
        },
        "Skeet.Policy.ExtrinsicValueEstimate.sum": {
            "value": 1385.43310546875,
            "min": 1212.435302734375,
            "max": 2107.4912109375,
            "count": 62
        },
        "Skeet.Losses.PolicyLoss.mean": {
            "value": 0.1327349107500619,
            "min": 0.1131479512726415,
            "max": 0.14897880491363688,
            "count": 62
        },
        "Skeet.Losses.PolicyLoss.sum": {
            "value": 0.9291443752504334,
            "min": 0.7467057557552362,
            "max": 1.0467107038884595,
            "count": 62
        },
        "Skeet.Losses.ValueLoss.mean": {
            "value": 0.6558925880799217,
            "min": 0.49555076479113536,
            "max": 0.9954962520194907,
            "count": 62
        },
        "Skeet.Losses.ValueLoss.sum": {
            "value": 4.591248116559452,
            "min": 3.4688553535379474,
            "max": 6.9684737641364345,
            "count": 62
        },
        "Skeet.Policy.LearningRate.mean": {
            "value": 0.00029999982388497295,
            "min": 0.00029999982388497295,
            "max": 0.00029999986049404647,
            "count": 62
        },
        "Skeet.Policy.LearningRate.sum": {
            "value": 0.0020999987671948108,
            "min": 0.0017999989866003378,
            "max": 0.0023999988120003957,
            "count": 62
        },
        "Skeet.Policy.Epsilon.mean": {
            "value": 0.19999994129497142,
            "min": 0.19999994129497142,
            "max": 0.199999953498,
            "count": 62
        },
        "Skeet.Policy.Epsilon.sum": {
            "value": 1.3999995890648,
            "min": 1.1999996622,
            "max": 1.5999996040000002,
            "count": 62
        },
        "Skeet.Policy.Beta.mean": {
            "value": 0.004999997070619074,
            "min": 0.004999997070619074,
            "max": 0.0049999976795502,
            "count": 62
        },
        "Skeet.Policy.Beta.sum": {
            "value": 0.03499997949433352,
            "min": 0.02999998314378,
            "max": 0.0399999802396,
            "count": 62
        },
        "Skeet.IsTraining.mean": {
            "value": 1.0,
            "min": 1.0,
            "max": 1.0,
            "count": 62
        },
        "Skeet.IsTraining.sum": {
            "value": 1.0,
            "min": 1.0,
            "max": 1.0,
            "count": 62
        },
        "Skeet.Environment.EpisodeLength.mean": {
            "value": 399.0,
            "min": 399.0,
            "max": 399.0,
            "count": 4
        },
        "Skeet.Environment.EpisodeLength.sum": {
            "value": 25536.0,
            "min": 25536.0,
            "max": 25536.0,
            "count": 4
        },
        "Skeet.Environment.CumulativeReward.mean": {
            "value": 87.10075622360455,
            "min": 87.10075622360455,
            "max": 114.90726341422851,
            "count": 4
        },
        "Skeet.Environment.CumulativeReward.sum": {
            "value": 5574.448398310691,
            "min": 5574.448398310691,
            "max": 7354.064858510625,
            "count": 4
        },
        "Skeet.Policy.ExtrinsicReward.mean": {
            "value": 87.10075622360455,
            "min": 87.10075622360455,
            "max": 114.90726341422851,
            "count": 4
        },
        "Skeet.Policy.ExtrinsicReward.sum": {
            "value": 5574.448398310691,
            "min": 5574.448398310691,
            "max": 7354.064858510625,
            "count": 4
        }
    },
    "metadata": {
        "timer_format_version": "0.1.0",
        "start_time_seconds": "1641568312",
        "python_version": "3.9.7 (default, Sep 16 2021, 16:59:28) [MSC v.1916 64 bit (AMD64)]",
        "command_line_arguments": "C:\\Users\\jonas\\anaconda3\\envs\\Unity_ML\\Scripts\\mlagents-learn Skeet.yaml --run-id test7 --resume",
        "mlagents_version": "0.27.0",
        "mlagents_envs_version": "0.27.0",
        "communication_protocol_version": "1.5.0",
        "pytorch_version": "1.10.0",
        "numpy_version": "1.21.2",
        "end_time_seconds": "1641569130"
    },
    "total": 817.8763169,
    "count": 1,
    "self": 0.005023899999969217,
    "children": {
        "run_training.setup": {
            "total": 0.08016559999999995,
            "count": 1,
            "self": 0.08016559999999995
        },
        "TrainerController.start_learning": {
            "total": 817.7911274,
            "count": 1,
            "self": 0.06377000000134103,
            "children": {
                "TrainerController._reset_env": {
                    "total": 16.118245100000003,
                    "count": 1,
                    "self": 16.118245100000003
                },
                "TrainerController.advance": {
                    "total": 801.4752975999987,
                    "count": 1941,
                    "self": 0.027027999998153973,
                    "children": {
                        "env_step": {
                            "total": 801.4482696000006,
                            "count": 1941,
                            "self": 788.6767444999999,
                            "children": {
                                "SubprocessEnvManager._take_step": {
                                    "total": 12.747495600000669,
                                    "count": 1941,
                                    "self": 0.16524940000064703,
                                    "children": {
                                        "TorchPolicy.evaluate": {
                                            "total": 12.582246200000021,
                                            "count": 1941,
                                            "self": 4.521593999998906,
                                            "children": {
                                                "TorchPolicy.sample_actions": {
                                                    "total": 8.060652200001115,
                                                    "count": 1941,
                                                    "self": 8.060652200001115
                                                }
                                            }
                                        }
                                    }
                                },
                                "workers": {
                                    "total": 0.02402949999995485,
                                    "count": 1940,
                                    "self": 0.0,
                                    "children": {
                                        "worker_root": {
                                            "total": 802.7406509999988,
                                            "count": 1940,
                                            "is_parallel": true,
                                            "self": 206.06957339999656,