{
    "name": "root",
    "gauges": {
        "Skeet.Policy.Entropy.mean": {
            "value": 2.835404634475708,
            "min": 2.6059067249298096,
            "max": 2.835404634475708,
            "count": 6
        },
        "Skeet.Policy.Entropy.sum": {
            "value": 28342.705078125,
            "min": 26048.64453125,
            "max": 28466.736328125,
            "count": 6
        },
        "Skeet.Step.mean": {
            "value": 59997.0,
            "min": 9999.0,
            "max": 59997.0,
            "count": 6
        },
        "Skeet.Step.sum": {
            "value": 59997.0,
            "min": 9999.0,
            "max": 59997.0,
            "count": 6
        },
        "Skeet.Policy.ExtrinsicValueEstimate.mean": {
            "value": -0.9115367531776428,
            "min": -0.9115367531776428,
            "max": -0.40436384081840515,
            "count": 6
        },
        "Skeet.Policy.ExtrinsicValueEstimate.sum": {
            "value": -3045.4443359375,
            "min": -3045.4443359375,
            "max": -1350.9796142578125,
            "count": 6
        },
        "Skeet.Policy.CuriosityValueEstimate.mean": {
            "value": -0.1342994123697281,
            "min": -0.7750452756881714,
            "max": -0.04376862198114395,
            "count": 6
        },
        "Skeet.Policy.CuriosityValueEstimate.sum": {
            "value": -448.6943359375,
            "min": -2589.42626953125,
            "max": -145.92459106445312,
            "count": 6
        },
        "Skeet.Losses.PolicyLoss.mean": {
            "value": 0.13497555830049782,
            "min": 0.1274479064661714,
            "max": 0.13497555830049782,
            "count": 6
        },
        "Skeet.Losses.PolicyLoss.sum": {
            "value": 4.859120098817922,
            "min": 4.386810084856633,
            "max": 4.859120098817922,
            "count": 6
        },
        "Skeet.Losses.ValueLoss.mean": {
            "value": 0.012924079276878128,
            "min": 0.005281241485484378,
            "max": 0.012924079276878128,
            "count": 6
        },
        "Skeet.Losses.ValueLoss.sum": {
            "value": 0.4652668539676126,
            "min": 0.18484345199195323,
            "max": 0.4652668539676126,
            "count": 6
        },
        "Skeet.Policy.LearningRate.mean": {
            "value": 0.00029999998349960544,
            "min": 0.00029999998349960544,
            "max": 0.00029999999849350637,
            "count": 6
        },
        "Skeet.Policy.LearningRate.sum": {
            "value": 0.010799999405985796,
            "min": 0.010199999948779216,
            "max": 0.010799999405985796,
            "count": 6
        },
        "Skeet.Policy.Epsilon.mean": {
            "value": 0.1999999944998667,
            "min": 0.1999999944998667,
            "max": 0.19999999949783534,
            "count": 6
        },
        "Skeet.Policy.Epsilon.sum": {
            "value": 7.199999801995201,
            "min": 6.799999982926401,
            "max": 7.199999801995201,
            "count": 6
        },
        "Skeet.Policy.Beta.mean": {
            "value": 0.00999999945053668,
            "min": 0.00999999945053668,
            "max": 0.009999999949833747,
            "count": 6
        },
        "Skeet.Policy.Beta.sum": {
            "value": 0.35999998021932045,
            "min": 0.3399999982943474,
            "max": 0.35999998021932045,
            "count": 6
        },
        "Skeet.Losses.CuriosityForwardLoss.mean": {
            "value": 0.0032128971469180885,
            "min": 0.0032128971469180885,
            "max": 0.14140705621627833,
            "count": 6
        },
        "Skeet.Losses.CuriosityForwardLoss.sum": {
            "value": 0.11566429728905119,
            "min": 0.11566429728905119,
            "max": 4.807839911353463,
            "count": 6
        },
        "Skeet.Losses.CuriosityInverseLoss.mean": {
            "value": 2.837449107886342,
            "min": 2.5897292880311844,
            "max": 2.837449107886342,
            "count": 6
        },
        "Skeet.Losses.CuriosityInverseLoss.sum": {
            "value": 102.14816788390831,
            "min": 90.64052508109145,
            "max": 102.14816788390831,
            "count": 6
        },
        "Skeet.Environment.EpisodeLength.mean": {
            "value": 602.5,
            "min": 602.0,
            "max": 603.0,
            "count": 6
        },
        "Skeet.Environment.EpisodeLength.sum": {
            "value": 14460.0,
            "min": 7224.0,
            "max": 14460.0,
            "count": 6
        },
        "Skeet.Environment.CumulativeReward.mean": {
            "value": -51.20643697325431,
            "min": -51.20643697325431,
            "max": -37.403571318951435,
            "count": 6
        },
        "Skeet.Environment.CumulativeReward.sum": {
            "value": -1228.9544873581035,
            "min": -1228.9544873581035,
            "max": -448.8428558274172,
            "count": 6
        },
        "Skeet.Policy.ExtrinsicReward.mean": {
            "value": -51.20643697325431,
            "min": -51.20643697325431,
            "max": -37.403571318951435,
            "count": 6
        },
        "Skeet.Policy.ExtrinsicReward.sum": {
            "value": -1228.9544873581035,
            "min": -1228.9544873581035,
            "max": -448.8428558274172,
            "count": 6
        },
        "Skeet.Policy.CuriosityReward.mean": {
            "value": 0.030485009004147894,
            "min": 0.029829346902261022,
            "max": 0.744760865089726,
            "count": 6
        },
        "Skeet.Policy.CuriosityReward.sum": {
            "value": 0.7316402160995494,
            "min": 0.35795216282713227,
            "max": 8.937130381076713,
            "count": 6
        },
        "Skeet.IsTraining.mean": {
            "value": 1.0,
            "min": 1.0,
            "max": 1.0,
            "count": 6
        },
        "Skeet.IsTraining.sum": {
            "value": 1.0,
            "min": 1.0,
            "max": 1.0,
            "count": 6
        }
    },
    "metadata": {
        "timer_format_version": "0.1.0",
        "start_time_seconds": "1641738845",
        "python_version": "3.9.7 (default, Sep 16 2021, 16:59:28) [MSC v.1916 64 bit (AMD64)]",
        "command_line_arguments": "C:\\Users\\jonas\\anaconda3\\envs\\Unity_ML\\Scripts\\mlagents-learn Skeet.yaml --run-id SamTest7",
        "mlagents_version": "0.27.0",
        "mlagents_envs_version": "0.27.0",
        "communication_protocol_version": "1.5.0",
        "pytorch_version": "1.10.0",
        "numpy_version": "1.21.2",
        "end_time_seconds": "1641739218"
    },
    "total": 373.1286963,
    "count": 1,
    "self": 0.005223199999988992,
    "children": {
        "run_training.setup": {
            "total": 0.09100730000000001,
            "count": 1,
            "self": 0.09100730000000001
        },
        "TrainerController.start_learning": {
            "total": 373.0324658,
            "count": 1,
            "self": 21.827439300001856,
            "children": {
                "TrainerController._reset_env": {
                    "total": 12.8850651,
                    "count": 1,
                    "self": 12.8850651
                },
                "TrainerController.advance": {
                    "total": 338.1583234999981,
                    "count": 5246,
                    "self": 0.06783829999608315,
                    "children": {
                        "env_step": {
                            "total": 338.09048520000204,
                            "count": 5246,
                            "self": 297.28972850000224,
                            "children": {
                                "SubprocessEnvManager._take_step": {
                                    "total": 40.74016189999993,
                                    "count": 5246,